Title,Author,Link,Index keywords,oceny
Ostatnie życzenie,Andrzej Sapkowski,https://lubimyczytac.pl/ksiazka/240310/ostatnie-zyczenie,wiedźmin; Geralt; magia; potwory,43271
Krew elfów,Andrzej Sapkowski,https://lubimyczytac.pl/ksiazka/240512/krew-elfow,Wiedźmin; Geralt; elfy; magia; potwory; literatura polska,39593
Gra o tron (edycja ilustrowana),George R.R. Martin,https://lubimyczytac.pl/ksiazka/3937616/gra-o-tron-edycja-ilustrowana,cykl fantasy; westeros; gra o tron; games of thrones; george martin; fantastyka,37603
Miecz przeznaczenia,Andrzej Sapkowski,https://lubimyczytac.pl/ksiazka/240312/miecz-przeznaczenia,Wiedźmin; Geralt; magia; potwory; literatura polska,36454
Przed świtem,Stephenie Meyer,https://lubimyczytac.pl/ksiazka/28355/przed-switem,wampir; wilkołak; uczucia,34449
Hobbit; czyli tam i z powrotem,J.R.R. Tolkien,https://lubimyczytac.pl/ksiazka/4966/hobbit-czyli-tam-i-z-powrotem,hobbit; Gandalf; Tolkien; Baggins,33385
Chrzest ognia,Andrzej Sapkowski,https://lubimyczytac.pl/ksiazka/240524/chrzest-ognia,Wiedźmin; Geralt; magia; potwory; literatura polska,33105
Drużyna Pierścienia,J.R.R. Tolkien,https://lubimyczytac.pl/ksiazka/159957/druzyna-pierscienia,,31862
Czas pogardy,Andrzej Sapkowski,https://lubimyczytac.pl/ksiazka/240513/czas-pogardy,wiedźmin; Geralt; magia; potwory; literatura polska,30158
Wieża Jaskółki,Andrzej Sapkowski,https://lubimyczytac.pl/ksiazka/240525/wieza-jaskolki,Wiedźmin; Geralt; magia; potwory; literatura polska,29086
Pani Jeziora,Andrzej Sapkowski,https://lubimyczytac.pl/ksiazka/240527/pani-jeziora,Wiedźmin; Geralt; magia; potwory; literatura polska,28848
Dwie wieże,J.R.R. Tolkien,https://lubimyczytac.pl/ksiazka/265271/dwie-wieze,,27943
Powrót Króla,J.R.R. Tolkien,https://lubimyczytac.pl/ksiazka/265275/powrot-krola,,27232
Starcie królów (edycja ilustrowana),George R.R. Martin,https://lubimyczytac.pl/ksiazka/4901964/starcie-krolow-edycja-ilustrowana,fantastyka; gra o tron; starcie królów; george martin; pieśń lodu i ognia,25644
Miasto kości,Cassandra Clare,https://lubimyczytac.pl/ksiazka/4807935/miasto-kosci,demony; literatura amerykańska; literatura dla młodzieży; miłość; młodzież; Nowy Jork; paranormal romance; poszukiwanie; przyjaźń; strach; wampir; wróżka; zabójstwo; zaginięcie,25425
Zielona Mila,Stephen King,https://lubimyczytac.pl/ksiazka/4957438/zielona-mila,,23379
Metro 2033,Dmitry Glukhovsky,https://lubimyczytac.pl/ksiazka/4864254/metro-2033,,23249
Nawałnica mieczy: Stal i śnieg,George R.R. Martin,https://lubimyczytac.pl/ksiazka/4942363/nawalnica-mieczy-stal-i-snieg,gra o tron; nawałnica mieczy; stal i śnieg; george martin; fantastyka,22071
Lew; czarownica i stara szafa,C.S.Lewis,https://lubimyczytac.pl/ksiazka/33905/lew-czarownica-i-stara-szafa,Narnia; Aslan; Kaspian; Łucja,21871
Nawałnica mieczy: Krew i złoto,George R.R. Martin,https://lubimyczytac.pl/ksiazka/4942700/nawalnica-mieczy-krew-i-zloto,,20885