tag,kategoria
magia,Tematy i pojęcia
potwory,Zwierzęta i stworzenia
Geralt,Osoby
literatura polska,Gatunki
Wiedźmin,Osoby
fantastyka,Gatunki
gra o tron,Formalne i opisowe
george martin,Formalne i opisowe
wampir,Zwierzęta i stworzenia
wiedźmin,Osoby
stal i śnieg,Formalne i opisowe
Narnia,Miejsca
miłość,Afektywne
Aslan,Zwierzęta i stworzenia
nawałnica mieczy,Opisowe i formalne
zaginięcie,Tematy i pojęcia
zabójstwo,Wydarzenia
wróżka,Zwierzęta i stworzenia
strach,Afektywne
przyjaźń,Tematy i pojęcia
Kaspian,Osoby
poszukiwanie,Procesy i czynności
paranormal romance,Gatunki
Nowy Jork,Miejsca
młodzież,Osoby
starcie królów,Opisowe i formalne
literatura dla młodzieży,Gatunki
literatura amerykańska,Gatunki
demony,Zwierzęta i stworzenia
pieśń lodu i ognia,Opisowe i formalne
Baggins,Osoby
Tolkien,Opisowe i formalne
Gandalf,Osoby
hobbit,Opisowe i formalne
uczucia,Afektywne
wilkołak,Zwierzęta i stworzenia
games of thrones,Nieskategoryzowane
westeros,Miejsca
cykl fantasy,Opisowe i formalne
elfy,Zwierzęta i stworzenia
Łucja,Osoby