Title,Link,Index keywords
Ostatnie życzenie,https://lubimyczytac.pl/ksiazka/240310/ostatnie-zyczenie,Wiedźmin; Geralt; magia; potwory
Krew elfów,https://lubimyczytac.pl/ksiazka/240512/krew-elfow,Wiedźmin; Geralt; elfy; magia; potwory; literatura polska
Gra o tron (edycja ilustrowana),https://lubimyczytac.pl/ksiazka/3937616/gra-o-tron-edycja-ilustrowana,cykl fantasy; Westeros; gra o tron; games of thrones; george martin; fantastyka
Miecz przeznaczenia,https://lubimyczytac.pl/ksiazka/240312/miecz-przeznaczenia,Wiedźmin; Geralt; magia; potwory; literatura polska
Przed świtem,https://lubimyczytac.pl/ksiazka/28355/przed-switem,wampir; wilkołak; uczucia
Hobbit; czyli tam i z powrotem,https://lubimyczytac.pl/ksiazka/4966/hobbit-czyli-tam-i-z-powrotem,hobbit; Gandalf; Tolkien; Baggins
Chrzest ognia,https://lubimyczytac.pl/ksiazka/240524/chrzest-ognia,Wiedźmin; Geralt; magia; potwory; literatura polska
Drużyna Pierścienia,https://lubimyczytac.pl/ksiazka/159957/druzyna-pierscienia,
Czas pogardy,https://lubimyczytac.pl/ksiazka/240513/czas-pogardy,Wiedźmin; Geralt; magia; potwory; literatura polska
Wieża Jaskółki,https://lubimyczytac.pl/ksiazka/240525/wieza-jaskolki,Wiedźmin; Geralt; magia; potwory; literatura polska
Pani Jeziora,https://lubimyczytac.pl/ksiazka/240527/pani-jeziora,Wiedźmin; Geralt; magia; potwory; literatura polska
Dwie wieże,https://lubimyczytac.pl/ksiazka/265271/dwie-wieze,
Powrót Króla,https://lubimyczytac.pl/ksiazka/265275/powrot-krola,
Starcie królów (edycja ilustrowana),https://lubimyczytac.pl/ksiazka/4901964/starcie-krolow-edycja-ilustrowana,fantastyka; gra o tron; starcie królów; george martin; Pieśń Lodu i Ognia
Miasto kości,https://lubimyczytac.pl/ksiazka/4807935/miasto-kosci,demony; literatura amerykańska; literatura dla młodzieży; miłość; młodzież; Nowy Jork; paranormal romance; poszukiwanie; przyjaźń; strach; wampir; wróżka; zabójstwo; zaginięcie
Zielona Mila,https://lubimyczytac.pl/ksiazka/4957438/zielona-mila,
Metro 2033,https://lubimyczytac.pl/ksiazka/4864254/metro-2033,
Nawałnica mieczy: Stal i śnieg,https://lubimyczytac.pl/ksiazka/4942363/nawalnica-mieczy-stal-i-snieg,gra o tron; nawałnica mieczy; stal i śnieg; george martin; fantastyka
Lew; czarownica i stara szafa,https://lubimyczytac.pl/ksiazka/33905/lew-czarownica-i-stara-szafa,Narnia; Aslan; Kaspian; Łucja